{
  "urls": [
    "sprite.m4a"
  ],
  "sprite": {
    "start": [
      0,
      360
    ],
    "distorted": [
      2000,
      1486.0770975056691
    ],
    "easter-egg": [
      5000,
      5712.65306122449
    ]
  }
}