{
  "urls": [
    "short.m4a"
  ],
  "sprite": {
    "dpad_press": [
      0,
      114.33106575963718
    ],
    "dpad_release": [
      214.33106575963717,
      105.87301587301585
    ]
  }
}